CLASS,PERCENTAGE
vehicle,68.60589981079102
vehicle,54.292869567871094
vehicle,80.69624304771423
vehicle,81.07995986938477
vehicle,78.77170443534851
